id,dut,categories,test,description,inputs,result,messages
1,campus-a-leaf1a,BGP,VerifyBGPSpecificPeers,Verifies the health of specific BGP peer(s) for given address families.,BGP EVPN Peer: campus-a-spine1 (IP: 192.168.244.11),PASS,
2,campus-a-leaf1a,BGP,VerifyBGPSpecificPeers,Verifies the health of specific BGP peer(s) for given address families.,BGP EVPN Peer: campus-a-spine2 (IP: 192.168.244.12),PASS,
3,campus-a-leaf1a,BGP,VerifyBGPSpecificPeers,Verifies the health of specific BGP peer(s) for given address families.,BGP IPv4 Unicast Peer: campus-a-leaf1b (IP: 10.255.254.25),FAIL,AFI: ipv4 SAFI: unicast VRF: default Peer: 10.255.254.25 - Incorrect session state - Expected: Established Actual: Active
4,campus-a-leaf1a,BGP,VerifyBGPSpecificPeers,Verifies the health of specific BGP peer(s) for given address families.,BGP IPv4 Unicast Peer: campus-a-spine1 (IP: 172.31.254.48),PASS,
5,campus-a-leaf1a,BGP,VerifyBGPSpecificPeers,Verifies the health of specific BGP peer(s) for given address families.,BGP IPv4 Unicast Peer: campus-a-spine2 (IP: 172.31.254.50),PASS,
6,campus-a-leaf1a,Connectivity,VerifyLLDPNeighbors,Verifies the connection status of the specified LLDP (Link Layer Discovery Protocol) neighbors.,Local: Ethernet1 - Remote: campus-a-spine1 Ethernet5,PASS,
7,campus-a-leaf1a,Connectivity,VerifyLLDPNeighbors,Verifies the connection status of the specified LLDP (Link Layer Discovery Protocol) neighbors.,Local: Ethernet2 - Remote: campus-a-spine2 Ethernet5,PASS,
8,campus-a-leaf1a,Connectivity,VerifyLLDPNeighbors,Verifies the connection status of the specified LLDP (Link Layer Discovery Protocol) neighbors.,Local: Ethernet3 - Remote: campus-a-leaf1b Ethernet3,FAIL,Port: Ethernet3 Neighbor: campus-a-leaf1b Neighbor Port: Ethernet3 - No LLDP neighbors
9,campus-a-leaf1a,Connectivity,VerifyLLDPNeighbors,Verifies the connection status of the specified LLDP (Link Layer Discovery Protocol) neighbors.,Local: Ethernet4 - Remote: campus-a-leaf1b Ethernet4,FAIL,Port: Ethernet4 Neighbor: campus-a-leaf1b Neighbor Port: Ethernet4 - No LLDP neighbors
10,campus-a-leaf1a,Connectivity,VerifyLLDPNeighbors,Verifies the connection status of the specified LLDP (Link Layer Discovery Protocol) neighbors.,Local: Ethernet6 - Remote: campus-a-leaf2d Ethernet1,FAIL,Port: Ethernet6 Neighbor: campus-a-leaf2d Neighbor Port: Ethernet1 - No LLDP neighbors
11,campus-a-leaf1a,Connectivity,VerifyReachability,Test network reachability to one or many destination IP(s).,Source: Loopback0 (IP: 192.168.244.13) - Destination: campus-a-leaf1a Loopback0 (IP: 192.168.244.13),PASS,
12,campus-a-leaf1a,Connectivity,VerifyReachability,Test network reachability to one or many destination IP(s).,Source: Loopback0 (IP: 192.168.244.13) - Destination: campus-a-leaf1b Loopback0 (IP: 192.168.244.14),FAIL,Host: 192.168.244.14 Source: 192.168.244.13 VRF: default - Packet loss detected - Transmitted: 1 Received: 0
13,campus-a-leaf1a,Connectivity,VerifyReachability,Test network reachability to one or many destination IP(s).,Source: Loopback0 (IP: 192.168.244.13) - Destination: campus-a-leaf2a Loopback0 (IP: 192.168.244.15),FAIL,Host: 192.168.244.15 Source: 192.168.244.13 VRF: default - Packet loss detected - Transmitted: 1 Received: 0
14,campus-a-leaf1a,Connectivity,VerifyReachability,Test network reachability to one or many destination IP(s).,Source: Loopback0 (IP: 192.168.244.13) - Destination: campus-a-leaf2b Loopback0 (IP: 192.168.244.16),FAIL,Host: 192.168.244.16 Source: 192.168.244.13 VRF: default - Packet loss detected - Transmitted: 1 Received: 0
15,campus-a-leaf1a,Connectivity,VerifyReachability,Test network reachability to one or many destination IP(s).,Source: Loopback0 (IP: 192.168.244.13) - Destination: campus-a-spine1 Loopback0 (IP: 192.168.244.11),PASS,
16,campus-a-leaf1a,Connectivity,VerifyReachability,Test network reachability to one or many destination IP(s).,Source: Loopback0 (IP: 192.168.244.13) - Destination: campus-a-spine2 Loopback0 (IP: 192.168.244.12),PASS,
17,campus-a-leaf1a,Connectivity,VerifyReachability,Test network reachability to one or many destination IP(s).,Source: P2P Interface Ethernet1 (IP: 172.31.254.49) - Destination: campus-a-spine1 Ethernet5 (IP: 172.31.254.48),PASS,
18,campus-a-leaf1a,Connectivity,VerifyReachability,Test network reachability to one or many destination IP(s).,Source: P2P Interface Ethernet2 (IP: 172.31.254.51) - Destination: campus-a-spine2 Ethernet5 (IP: 172.31.254.50),PASS,
19,campus-a-leaf1a,Interfaces,VerifyInterfacesStatus,Verifies the operational states of specified interfaces to ensure they match expected configurations.,Interface Ethernet1 - P2P_campus-a-spine1_Ethernet5 = 'up',PASS,
20,campus-a-leaf1a,Interfaces,VerifyInterfacesStatus,Verifies the operational states of specified interfaces to ensure they match expected configurations.,Interface Ethernet2 - P2P_campus-a-spine2_Ethernet5 = 'up',PASS,
21,campus-a-leaf1a,Interfaces,VerifyInterfacesStatus,Verifies the operational states of specified interfaces to ensure they match expected configurations.,Interface Ethernet3 - MLAG_campus-a-leaf1b_Ethernet3 = 'up',FAIL,"Ethernet3 - Status mismatch - Expected: up/up, Actual: down/down"
22,campus-a-leaf1a,Interfaces,VerifyInterfacesStatus,Verifies the operational states of specified interfaces to ensure they match expected configurations.,Interface Ethernet4 - MLAG_campus-a-leaf1b_Ethernet4 = 'up',FAIL,"Ethernet4 - Status mismatch - Expected: up/up, Actual: down/down"
23,campus-a-leaf1a,Interfaces,VerifyInterfacesStatus,Verifies the operational states of specified interfaces to ensure they match expected configurations.,Interface Ethernet5 - SERVER_campus-a-leaf1-server1_Ethernet1 = 'up',PASS,
24,campus-a-leaf1a,Interfaces,VerifyInterfacesStatus,Verifies the operational states of specified interfaces to ensure they match expected configurations.,Interface Ethernet6 - L2_campus-a-leaf2d_Ethernet1 = 'up',FAIL,"Ethernet6 - Status mismatch - Expected: up/up, Actual: down/down"
25,campus-a-leaf1a,Interfaces,VerifyInterfacesStatus,Verifies the operational states of specified interfaces to ensure they match expected configurations.,Interface Loopback0 - ROUTER_ID = 'up',PASS,
26,campus-a-leaf1a,Interfaces,VerifyInterfacesStatus,Verifies the operational states of specified interfaces to ensure they match expected configurations.,Interface Loopback1 - VXLAN_TUNNEL_SOURCE = 'up',PASS,
27,campus-a-leaf1a,Interfaces,VerifyInterfacesStatus,Verifies the operational states of specified interfaces to ensure they match expected configurations.,Interface Loopback100 - DIAG_VRF_Blue = 'up',PASS,
28,campus-a-leaf1a,Interfaces,VerifyInterfacesStatus,Verifies the operational states of specified interfaces to ensure they match expected configurations.,Interface Management1 = 'up',PASS,
29,campus-a-leaf1a,Interfaces,VerifyInterfacesStatus,Verifies the operational states of specified interfaces to ensure they match expected configurations.,Interface Port-Channel3 - MLAG_campus-a-leaf1b_Port-Channel3 = 'up',FAIL,"Port-Channel3 - Status mismatch - Expected: up/up, Actual: down/lowerLayerDown"
30,campus-a-leaf1a,Interfaces,VerifyInterfacesStatus,Verifies the operational states of specified interfaces to ensure they match expected configurations.,Interface Port-Channel5 - SERVER_campus-a-leaf1-server1 = 'up',FAIL,"Port-Channel5 - Status mismatch - Expected: up/up, Actual: down/lowerLayerDown"
31,campus-a-leaf1a,Interfaces,VerifyInterfacesStatus,Verifies the operational states of specified interfaces to ensure they match expected configurations.,Interface Port-Channel6 - L2_campus-a-leaf2d_Port-Channel1 = 'up',FAIL,"Port-Channel6 - Status mismatch - Expected: up/up, Actual: down/lowerLayerDown"
32,campus-a-leaf1a,Interfaces,VerifyInterfacesStatus,Verifies the operational states of specified interfaces to ensure they match expected configurations.,Interface Vlan110 - Blue_110 = 'up',PASS,
33,campus-a-leaf1a,Interfaces,VerifyInterfacesStatus,Verifies the operational states of specified interfaces to ensure they match expected configurations.,Interface Vlan111 - Blue_111 = 'up',PASS,
34,campus-a-leaf1a,Interfaces,VerifyInterfacesStatus,Verifies the operational states of specified interfaces to ensure they match expected configurations.,Interface Vlan112 - Blue_112 = 'up',PASS,
35,campus-a-leaf1a,Interfaces,VerifyInterfacesStatus,Verifies the operational states of specified interfaces to ensure they match expected configurations.,Interface Vlan113 - Blue_113 = 'up',PASS,
36,campus-a-leaf1a,Interfaces,VerifyInterfacesStatus,Verifies the operational states of specified interfaces to ensure they match expected configurations.,Interface Vlan120 - Red_120 = 'up',PASS,
37,campus-a-leaf1a,Interfaces,VerifyInterfacesStatus,Verifies the operational states of specified interfaces to ensure they match expected configurations.,Interface Vlan121 - WEBZone_121 = 'up',PASS,
38,campus-a-leaf1a,Interfaces,VerifyInterfacesStatus,Verifies the operational states of specified interfaces to ensure they match expected configurations.,Interface Vlan130 - Green_130 = 'up',PASS,
39,campus-a-leaf1a,Interfaces,VerifyInterfacesStatus,Verifies the operational states of specified interfaces to ensure they match expected configurations.,Interface Vlan131 - Green_131 = 'up',PASS,
40,campus-a-leaf1a,Interfaces,VerifyInterfacesStatus,Verifies the operational states of specified interfaces to ensure they match expected configurations.,Interface Vlan3009 - MLAG_L3_VRF_Blue = 'up',FAIL,"Vlan3009 - Status mismatch - Expected: up/up, Actual: down/lowerLayerDown"
41,campus-a-leaf1a,Interfaces,VerifyInterfacesStatus,Verifies the operational states of specified interfaces to ensure they match expected configurations.,Interface Vlan3010 - MLAG_L3_VRF_Red = 'up',FAIL,"Vlan3010 - Status mismatch - Expected: up/up, Actual: down/lowerLayerDown"
42,campus-a-leaf1a,Interfaces,VerifyInterfacesStatus,Verifies the operational states of specified interfaces to ensure they match expected configurations.,Interface Vlan3011 - MLAG_L3_VRF_Green = 'up',FAIL,"Vlan3011 - Status mismatch - Expected: up/up, Actual: down/lowerLayerDown"
43,campus-a-leaf1a,Interfaces,VerifyInterfacesStatus,Verifies the operational states of specified interfaces to ensure they match expected configurations.,Interface Vlan4093 - MLAG_L3 = 'up',FAIL,"Vlan4093 - Status mismatch - Expected: up/up, Actual: down/lowerLayerDown"
44,campus-a-leaf1a,Interfaces,VerifyInterfacesStatus,Verifies the operational states of specified interfaces to ensure they match expected configurations.,Interface Vlan4094 - MLAG = 'up',PASS,
45,campus-a-leaf1a,Interfaces,VerifyInterfacesStatus,Verifies the operational states of specified interfaces to ensure they match expected configurations.,Interface Vxlan1 = 'up',PASS,
46,campus-a-leaf1a,MLAG,VerifyMlagStatus,Verifies the health status of the MLAG configuration.,,FAIL,MLAG negotiation status mismatch - Expected: connected Actual: connecting;Operational state of the MLAG peer link is not correct - Expected: up Actual: lowerLayerDown
47,campus-a-leaf1a,Routing,VerifyRoutingProtocolModel,Verifies the configured routing protocol model.,Routing protocol model: multi-agent,PASS,
48,campus-a-leaf1a,Routing,VerifyRoutingTableEntry,Verifies that the provided routes are present in the routing table of a specified VRF.,Route: 192.168.243.13 - Peer: campus-a-leaf1a,PASS,
49,campus-a-leaf1a,Routing,VerifyRoutingTableEntry,Verifies that the provided routes are present in the routing table of a specified VRF.,Route: 192.168.243.15 - Peer: campus-a-leaf2a,FAIL,The following route(s) are missing from the routing table of VRF default: 192.168.243.15
50,campus-a-leaf1a,Routing,VerifyRoutingTableEntry,Verifies that the provided routes are present in the routing table of a specified VRF.,Route: 192.168.244.11 - Peer: campus-a-spine1,PASS,
51,campus-a-leaf1a,Routing,VerifyRoutingTableEntry,Verifies that the provided routes are present in the routing table of a specified VRF.,Route: 192.168.244.12 - Peer: campus-a-spine2,PASS,
52,campus-a-leaf1a,Routing,VerifyRoutingTableEntry,Verifies that the provided routes are present in the routing table of a specified VRF.,Route: 192.168.244.13 - Peer: campus-a-leaf1a,PASS,
53,campus-a-leaf1a,Routing,VerifyRoutingTableEntry,Verifies that the provided routes are present in the routing table of a specified VRF.,Route: 192.168.244.14 - Peer: campus-a-leaf1b,FAIL,The following route(s) are missing from the routing table of VRF default: 192.168.244.14
54,campus-a-leaf1a,Routing,VerifyRoutingTableEntry,Verifies that the provided routes are present in the routing table of a specified VRF.,Route: 192.168.244.15 - Peer: campus-a-leaf2a,FAIL,The following route(s) are missing from the routing table of VRF default: 192.168.244.15
55,campus-a-leaf1a,Routing,VerifyRoutingTableEntry,Verifies that the provided routes are present in the routing table of a specified VRF.,Route: 192.168.244.16 - Peer: campus-a-leaf2b,FAIL,The following route(s) are missing from the routing table of VRF default: 192.168.244.16
56,campus-a-leaf1a,System,VerifyNTP,Verifies if NTP is synchronised.,,FAIL,NTP status mismatch - Expected: synchronised Actual: unsynchronised
57,campus-a-leaf1a,System,VerifyReloadCause,Verifies the last reload cause of the device.,,PASS,
58,campus-a-leaf1b,BGP,VerifyBGPSpecificPeers,Verifies the health of specific BGP peer(s) for given address families.,BGP EVPN Peer: campus-a-spine1 (IP: 192.168.244.11),PASS,
59,campus-a-leaf1b,BGP,VerifyBGPSpecificPeers,Verifies the health of specific BGP peer(s) for given address families.,BGP EVPN Peer: campus-a-spine2 (IP: 192.168.244.12),PASS,
60,campus-a-leaf1b,BGP,VerifyBGPSpecificPeers,Verifies the health of specific BGP peer(s) for given address families.,BGP IPv4 Unicast Peer: campus-a-leaf1a (IP: 10.255.254.24),FAIL,AFI: ipv4 SAFI: unicast VRF: default Peer: 10.255.254.24 - Incorrect session state - Expected: Established Actual: Active
61,campus-a-leaf1b,BGP,VerifyBGPSpecificPeers,Verifies the health of specific BGP peer(s) for given address families.,BGP IPv4 Unicast Peer: campus-a-spine1 (IP: 172.31.254.52),PASS,
62,campus-a-leaf1b,BGP,VerifyBGPSpecificPeers,Verifies the health of specific BGP peer(s) for given address families.,BGP IPv4 Unicast Peer: campus-a-spine2 (IP: 172.31.254.54),PASS,
63,campus-a-leaf1b,Connectivity,VerifyLLDPNeighbors,Verifies the connection status of the specified LLDP (Link Layer Discovery Protocol) neighbors.,Local: Ethernet1 - Remote: campus-a-spine1 Ethernet6,PASS,
64,campus-a-leaf1b,Connectivity,VerifyLLDPNeighbors,Verifies the connection status of the specified LLDP (Link Layer Discovery Protocol) neighbors.,Local: Ethernet2 - Remote: campus-a-spine2 Ethernet6,PASS,
65,campus-a-leaf1b,Connectivity,VerifyLLDPNeighbors,Verifies the connection status of the specified LLDP (Link Layer Discovery Protocol) neighbors.,Local: Ethernet3 - Remote: campus-a-leaf1a Ethernet3,FAIL,Port: Ethernet3 Neighbor: campus-a-leaf1a Neighbor Port: Ethernet3 - No LLDP neighbors
66,campus-a-leaf1b,Connectivity,VerifyLLDPNeighbors,Verifies the connection status of the specified LLDP (Link Layer Discovery Protocol) neighbors.,Local: Ethernet4 - Remote: campus-a-leaf1a Ethernet4,FAIL,Port: Ethernet4 Neighbor: campus-a-leaf1a Neighbor Port: Ethernet4 - No LLDP neighbors
67,campus-a-leaf1b,Connectivity,VerifyLLDPNeighbors,Verifies the connection status of the specified LLDP (Link Layer Discovery Protocol) neighbors.,Local: Ethernet5 - Remote: campus-a-leaf2c Ethernet2,FAIL,Port: Ethernet5 Neighbor: campus-a-leaf2c Neighbor Port: Ethernet2 - No LLDP neighbors
68,campus-a-leaf1b,Connectivity,VerifyLLDPNeighbors,Verifies the connection status of the specified LLDP (Link Layer Discovery Protocol) neighbors.,Local: Ethernet6 - Remote: campus-a-leaf2d Ethernet2,FAIL,Port: Ethernet6 Neighbor: campus-a-leaf2d Neighbor Port: Ethernet2 - No LLDP neighbors
69,campus-a-leaf1b,Connectivity,VerifyReachability,Test network reachability to one or many destination IP(s).,Source: Loopback0 (IP: 192.168.244.14) - Destination: campus-a-leaf1a Loopback0 (IP: 192.168.244.13),FAIL,Host: 192.168.244.13 Source: 192.168.244.14 VRF: default - Packet loss detected - Transmitted: 1 Received: 0
70,campus-a-leaf1b,Connectivity,VerifyReachability,Test network reachability to one or many destination IP(s).,Source: Loopback0 (IP: 192.168.244.14) - Destination: campus-a-leaf1b Loopback0 (IP: 192.168.244.14),PASS,
71,campus-a-leaf1b,Connectivity,VerifyReachability,Test network reachability to one or many destination IP(s).,Source: Loopback0 (IP: 192.168.244.14) - Destination: campus-a-leaf2a Loopback0 (IP: 192.168.244.15),FAIL,Host: 192.168.244.15 Source: 192.168.244.14 VRF: default - Packet loss detected - Transmitted: 1 Received: 0
72,campus-a-leaf1b,Connectivity,VerifyReachability,Test network reachability to one or many destination IP(s).,Source: Loopback0 (IP: 192.168.244.14) - Destination: campus-a-leaf2b Loopback0 (IP: 192.168.244.16),FAIL,Host: 192.168.244.16 Source: 192.168.244.14 VRF: default - Packet loss detected - Transmitted: 1 Received: 0
73,campus-a-leaf1b,Connectivity,VerifyReachability,Test network reachability to one or many destination IP(s).,Source: Loopback0 (IP: 192.168.244.14) - Destination: campus-a-spine1 Loopback0 (IP: 192.168.244.11),PASS,
74,campus-a-leaf1b,Connectivity,VerifyReachability,Test network reachability to one or many destination IP(s).,Source: Loopback0 (IP: 192.168.244.14) - Destination: campus-a-spine2 Loopback0 (IP: 192.168.244.12),PASS,
75,campus-a-leaf1b,Connectivity,VerifyReachability,Test network reachability to one or many destination IP(s).,Source: P2P Interface Ethernet1 (IP: 172.31.254.53) - Destination: campus-a-spine1 Ethernet6 (IP: 172.31.254.52),PASS,
76,campus-a-leaf1b,Connectivity,VerifyReachability,Test network reachability to one or many destination IP(s).,Source: P2P Interface Ethernet2 (IP: 172.31.254.55) - Destination: campus-a-spine2 Ethernet6 (IP: 172.31.254.54),PASS,
77,campus-a-leaf1b,Interfaces,VerifyInterfacesStatus,Verifies the operational states of specified interfaces to ensure they match expected configurations.,Interface Ethernet1 - P2P_campus-a-spine1_Ethernet6 = 'up',PASS,
78,campus-a-leaf1b,Interfaces,VerifyInterfacesStatus,Verifies the operational states of specified interfaces to ensure they match expected configurations.,Interface Ethernet2 - P2P_campus-a-spine2_Ethernet6 = 'up',PASS,
79,campus-a-leaf1b,Interfaces,VerifyInterfacesStatus,Verifies the operational states of specified interfaces to ensure they match expected configurations.,Interface Ethernet3 - MLAG_campus-a-leaf1a_Ethernet3 = 'up',FAIL,"Ethernet3 - Status mismatch - Expected: up/up, Actual: down/down"
80,campus-a-leaf1b,Interfaces,VerifyInterfacesStatus,Verifies the operational states of specified interfaces to ensure they match expected configurations.,Interface Ethernet4 - MLAG_campus-a-leaf1a_Ethernet4 = 'up',FAIL,"Ethernet4 - Status mismatch - Expected: up/up, Actual: down/down"
81,campus-a-leaf1b,Interfaces,VerifyInterfacesStatus,Verifies the operational states of specified interfaces to ensure they match expected configurations.,Interface Ethernet5 - L2_campus-a-leaf2c_Ethernet2 = 'up',FAIL,"Ethernet5 - Status mismatch - Expected: up/up, Actual: down/down"
82,campus-a-leaf1b,Interfaces,VerifyInterfacesStatus,Verifies the operational states of specified interfaces to ensure they match expected configurations.,Interface Ethernet6 - L2_campus-a-leaf2d_Ethernet2 = 'up',FAIL,"Ethernet6 - Status mismatch - Expected: up/up, Actual: down/down"
83,campus-a-leaf1b,Interfaces,VerifyInterfacesStatus,Verifies the operational states of specified interfaces to ensure they match expected configurations.,Interface Loopback0 - ROUTER_ID = 'up',PASS,
84,campus-a-leaf1b,Interfaces,VerifyInterfacesStatus,Verifies the operational states of specified interfaces to ensure they match expected configurations.,Interface Loopback1 - VXLAN_TUNNEL_SOURCE = 'up',PASS,
85,campus-a-leaf1b,Interfaces,VerifyInterfacesStatus,Verifies the operational states of specified interfaces to ensure they match expected configurations.,Interface Loopback100 - DIAG_VRF_Blue = 'up',PASS,
86,campus-a-leaf1b,Interfaces,VerifyInterfacesStatus,Verifies the operational states of specified interfaces to ensure they match expected configurations.,Interface Management1 = 'up',PASS,
87,campus-a-leaf1b,Interfaces,VerifyInterfacesStatus,Verifies the operational states of specified interfaces to ensure they match expected configurations.,Interface Port-Channel3 - MLAG_campus-a-leaf1a_Port-Channel3 = 'up',FAIL,"Port-Channel3 - Status mismatch - Expected: up/up, Actual: down/lowerLayerDown"
88,campus-a-leaf1b,Interfaces,VerifyInterfacesStatus,Verifies the operational states of specified interfaces to ensure they match expected configurations.,Interface Port-Channel5 - L2_campus-a-leaf2c_Port-Channel1 = 'up',FAIL,"Port-Channel5 - Status mismatch - Expected: up/up, Actual: down/lowerLayerDown"
89,campus-a-leaf1b,Interfaces,VerifyInterfacesStatus,Verifies the operational states of specified interfaces to ensure they match expected configurations.,Interface Port-Channel6 - L2_campus-a-leaf2d_Port-Channel1 = 'up',FAIL,"Port-Channel6 - Status mismatch - Expected: up/up, Actual: down/lowerLayerDown"
90,campus-a-leaf1b,Interfaces,VerifyInterfacesStatus,Verifies the operational states of specified interfaces to ensure they match expected configurations.,Interface Vlan110 - Blue_110 = 'up',PASS,
91,campus-a-leaf1b,Interfaces,VerifyInterfacesStatus,Verifies the operational states of specified interfaces to ensure they match expected configurations.,Interface Vlan111 - Blue_111 = 'up',PASS,
92,campus-a-leaf1b,Interfaces,VerifyInterfacesStatus,Verifies the operational states of specified interfaces to ensure they match expected configurations.,Interface Vlan112 - Blue_112 = 'up',PASS,
93,campus-a-leaf1b,Interfaces,VerifyInterfacesStatus,Verifies the operational states of specified interfaces to ensure they match expected configurations.,Interface Vlan113 - Blue_113 = 'up',PASS,
94,campus-a-leaf1b,Interfaces,VerifyInterfacesStatus,Verifies the operational states of specified interfaces to ensure they match expected configurations.,Interface Vlan120 - Red_120 = 'up',PASS,
95,campus-a-leaf1b,Interfaces,VerifyInterfacesStatus,Verifies the operational states of specified interfaces to ensure they match expected configurations.,Interface Vlan121 - WEBZone_121 = 'up',PASS,
96,campus-a-leaf1b,Interfaces,VerifyInterfacesStatus,Verifies the operational states of specified interfaces to ensure they match expected configurations.,Interface Vlan130 - Green_130 = 'up',PASS,
97,campus-a-leaf1b,Interfaces,VerifyInterfacesStatus,Verifies the operational states of specified interfaces to ensure they match expected configurations.,Interface Vlan131 - Green_131 = 'up',PASS,
98,campus-a-leaf1b,Interfaces,VerifyInterfacesStatus,Verifies the operational states of specified interfaces to ensure they match expected configurations.,Interface Vlan3009 - MLAG_L3_VRF_Blue = 'up',FAIL,"Vlan3009 - Status mismatch - Expected: up/up, Actual: down/lowerLayerDown"
99,campus-a-leaf1b,Interfaces,VerifyInterfacesStatus,Verifies the operational states of specified interfaces to ensure they match expected configurations.,Interface Vlan3010 - MLAG_L3_VRF_Red = 'up',FAIL,"Vlan3010 - Status mismatch - Expected: up/up, Actual: down/lowerLayerDown"
100,campus-a-leaf1b,Interfaces,VerifyInterfacesStatus,Verifies the operational states of specified interfaces to ensure they match expected configurations.,Interface Vlan3011 - MLAG_L3_VRF_Green = 'up',FAIL,"Vlan3011 - Status mismatch - Expected: up/up, Actual: down/lowerLayerDown"
101,campus-a-leaf1b,Interfaces,VerifyInterfacesStatus,Verifies the operational states of specified interfaces to ensure they match expected configurations.,Interface Vlan4093 - MLAG_L3 = 'up',FAIL,"Vlan4093 - Status mismatch - Expected: up/up, Actual: down/lowerLayerDown"
102,campus-a-leaf1b,Interfaces,VerifyInterfacesStatus,Verifies the operational states of specified interfaces to ensure they match expected configurations.,Interface Vlan4094 - MLAG = 'up',PASS,
103,campus-a-leaf1b,Interfaces,VerifyInterfacesStatus,Verifies the operational states of specified interfaces to ensure they match expected configurations.,Interface Vxlan1 = 'up',PASS,
104,campus-a-leaf1b,MLAG,VerifyMlagStatus,Verifies the health status of the MLAG configuration.,,FAIL,MLAG negotiation status mismatch - Expected: connected Actual: connecting;Operational state of the MLAG peer link is not correct - Expected: up Actual: lowerLayerDown
105,campus-a-leaf1b,Routing,VerifyRoutingProtocolModel,Verifies the configured routing protocol model.,Routing protocol model: multi-agent,PASS,
106,campus-a-leaf1b,Routing,VerifyRoutingTableEntry,Verifies that the provided routes are present in the routing table of a specified VRF.,Route: 192.168.243.13 - Peer: campus-a-leaf1a,PASS,
107,campus-a-leaf1b,Routing,VerifyRoutingTableEntry,Verifies that the provided routes are present in the routing table of a specified VRF.,Route: 192.168.243.15 - Peer: campus-a-leaf2a,FAIL,The following route(s) are missing from the routing table of VRF default: 192.168.243.15
108,campus-a-leaf1b,Routing,VerifyRoutingTableEntry,Verifies that the provided routes are present in the routing table of a specified VRF.,Route: 192.168.244.11 - Peer: campus-a-spine1,PASS,
109,campus-a-leaf1b,Routing,VerifyRoutingTableEntry,Verifies that the provided routes are present in the routing table of a specified VRF.,Route: 192.168.244.12 - Peer: campus-a-spine2,PASS,
110,campus-a-leaf1b,Routing,VerifyRoutingTableEntry,Verifies that the provided routes are present in the routing table of a specified VRF.,Route: 192.168.244.13 - Peer: campus-a-leaf1a,FAIL,The following route(s) are missing from the routing table of VRF default: 192.168.244.13
111,campus-a-leaf1b,Routing,VerifyRoutingTableEntry,Verifies that the provided routes are present in the routing table of a specified VRF.,Route: 192.168.244.14 - Peer: campus-a-leaf1b,PASS,
112,campus-a-leaf1b,Routing,VerifyRoutingTableEntry,Verifies that the provided routes are present in the routing table of a specified VRF.,Route: 192.168.244.15 - Peer: campus-a-leaf2a,FAIL,The following route(s) are missing from the routing table of VRF default: 192.168.244.15
113,campus-a-leaf1b,Routing,VerifyRoutingTableEntry,Verifies that the provided routes are present in the routing table of a specified VRF.,Route: 192.168.244.16 - Peer: campus-a-leaf2b,FAIL,The following route(s) are missing from the routing table of VRF default: 192.168.244.16
114,campus-a-leaf1b,System,VerifyNTP,Verifies if NTP is synchronised.,,FAIL,NTP status mismatch - Expected: synchronised Actual: unsynchronised
115,campus-a-leaf1b,System,VerifyReloadCause,Verifies the last reload cause of the device.,,PASS,
116,campus-a-leaf2a,BGP,VerifyBGPSpecificPeers,Verifies the health of specific BGP peer(s) for given address families.,BGP IPv4 Unicast Peer: campus-a-leaf2b (IP: 10.255.254.29),FAIL,AFI: ipv4 SAFI: unicast VRF: default Peer: 10.255.254.29 - Incorrect session state - Expected: Established Actual: Active
117,campus-a-leaf2a,Connectivity,VerifyLLDPNeighbors,Verifies the connection status of the specified LLDP (Link Layer Discovery Protocol) neighbors.,Local: Ethernet3 - Remote: campus-a-leaf2b Ethernet3,FAIL,Port: Ethernet3 Neighbor: campus-a-leaf2b Neighbor Port: Ethernet3 - No LLDP neighbors
118,campus-a-leaf2a,Connectivity,VerifyLLDPNeighbors,Verifies the connection status of the specified LLDP (Link Layer Discovery Protocol) neighbors.,Local: Ethernet4 - Remote: campus-a-leaf2b Ethernet4,FAIL,Port: Ethernet4 Neighbor: campus-a-leaf2b Neighbor Port: Ethernet4 - No LLDP neighbors
119,campus-a-leaf2a,Connectivity,VerifyReachability,Test network reachability to one or many destination IP(s).,Source: Loopback0 (IP: 192.168.244.15) - Destination: campus-a-leaf1a Loopback0 (IP: 192.168.244.13),FAIL,Host: 192.168.244.13 Source: 192.168.244.15 VRF: default - Packet loss detected - Transmitted: 1 Received: 0
120,campus-a-leaf2a,Connectivity,VerifyReachability,Test network reachability to one or many destination IP(s).,Source: Loopback0 (IP: 192.168.244.15) - Destination: campus-a-leaf1b Loopback0 (IP: 192.168.244.14),FAIL,Host: 192.168.244.14 Source: 192.168.244.15 VRF: default - Packet loss detected - Transmitted: 1 Received: 0
121,campus-a-leaf2a,Connectivity,VerifyReachability,Test network reachability to one or many destination IP(s).,Source: Loopback0 (IP: 192.168.244.15) - Destination: campus-a-leaf2a Loopback0 (IP: 192.168.244.15),PASS,
122,campus-a-leaf2a,Connectivity,VerifyReachability,Test network reachability to one or many destination IP(s).,Source: Loopback0 (IP: 192.168.244.15) - Destination: campus-a-leaf2b Loopback0 (IP: 192.168.244.16),FAIL,Host: 192.168.244.16 Source: 192.168.244.15 VRF: default - Packet loss detected - Transmitted: 1 Received: 0
123,campus-a-leaf2a,Connectivity,VerifyReachability,Test network reachability to one or many destination IP(s).,Source: Loopback0 (IP: 192.168.244.15) - Destination: campus-a-spine1 Loopback0 (IP: 192.168.244.11),FAIL,Host: 192.168.244.11 Source: 192.168.244.15 VRF: default - Packet loss detected - Transmitted: 1 Received: 0
124,campus-a-leaf2a,Connectivity,VerifyReachability,Test network reachability to one or many destination IP(s).,Source: Loopback0 (IP: 192.168.244.15) - Destination: campus-a-spine2 Loopback0 (IP: 192.168.244.12),FAIL,Host: 192.168.244.12 Source: 192.168.244.15 VRF: default - Packet loss detected - Transmitted: 1 Received: 0
125,campus-a-leaf2a,Interfaces,VerifyInterfacesStatus,Verifies the operational states of specified interfaces to ensure they match expected configurations.,Interface Ethernet3 - MLAG_campus-a-leaf2b_Ethernet3 = 'up',PASS,
126,campus-a-leaf2a,Interfaces,VerifyInterfacesStatus,Verifies the operational states of specified interfaces to ensure they match expected configurations.,Interface Ethernet4 - MLAG_campus-a-leaf2b_Ethernet4 = 'up',PASS,
127,campus-a-leaf2a,Interfaces,VerifyInterfacesStatus,Verifies the operational states of specified interfaces to ensure they match expected configurations.,Interface Loopback0 - ROUTER_ID = 'up',PASS,
128,campus-a-leaf2a,Interfaces,VerifyInterfacesStatus,Verifies the operational states of specified interfaces to ensure they match expected configurations.,Interface Loopback1 - VXLAN_TUNNEL_SOURCE = 'up',PASS,
129,campus-a-leaf2a,Interfaces,VerifyInterfacesStatus,Verifies the operational states of specified interfaces to ensure they match expected configurations.,Interface Loopback100 - DIAG_VRF_Blue = 'up',PASS,
130,campus-a-leaf2a,Interfaces,VerifyInterfacesStatus,Verifies the operational states of specified interfaces to ensure they match expected configurations.,Interface Management1 = 'up',PASS,
131,campus-a-leaf2a,Interfaces,VerifyInterfacesStatus,Verifies the operational states of specified interfaces to ensure they match expected configurations.,Interface Port-Channel3 - MLAG_campus-a-leaf2b_Port-Channel3 = 'up',FAIL,"Port-Channel3 - Status mismatch - Expected: up/up, Actual: down/lowerLayerDown"
132,campus-a-leaf2a,Interfaces,VerifyInterfacesStatus,Verifies the operational states of specified interfaces to ensure they match expected configurations.,Interface Vlan110 - Blue_110 = 'up',PASS,
133,campus-a-leaf2a,Interfaces,VerifyInterfacesStatus,Verifies the operational states of specified interfaces to ensure they match expected configurations.,Interface Vlan111 - Blue_111 = 'up',PASS,
134,campus-a-leaf2a,Interfaces,VerifyInterfacesStatus,Verifies the operational states of specified interfaces to ensure they match expected configurations.,Interface Vlan112 - Blue_112 = 'up',PASS,
135,campus-a-leaf2a,Interfaces,VerifyInterfacesStatus,Verifies the operational states of specified interfaces to ensure they match expected configurations.,Interface Vlan113 - Blue_113 = 'up',PASS,
136,campus-a-leaf2a,Interfaces,VerifyInterfacesStatus,Verifies the operational states of specified interfaces to ensure they match expected configurations.,Interface Vlan120 - Red_120 = 'up',PASS,
137,campus-a-leaf2a,Interfaces,VerifyInterfacesStatus,Verifies the operational states of specified interfaces to ensure they match expected configurations.,Interface Vlan121 - WEBZone_121 = 'up',PASS,
138,campus-a-leaf2a,Interfaces,VerifyInterfacesStatus,Verifies the operational states of specified interfaces to ensure they match expected configurations.,Interface Vlan130 - Green_130 = 'up',PASS,
139,campus-a-leaf2a,Interfaces,VerifyInterfacesStatus,Verifies the operational states of specified interfaces to ensure they match expected configurations.,Interface Vlan131 - Green_131 = 'up',PASS,
140,campus-a-leaf2a,Interfaces,VerifyInterfacesStatus,Verifies the operational states of specified interfaces to ensure they match expected configurations.,Interface Vlan3009 - MLAG_L3_VRF_Blue = 'up',FAIL,"Vlan3009 - Status mismatch - Expected: up/up, Actual: down/lowerLayerDown"
141,campus-a-leaf2a,Interfaces,VerifyInterfacesStatus,Verifies the operational states of specified interfaces to ensure they match expected configurations.,Interface Vlan3010 - MLAG_L3_VRF_Red = 'up',FAIL,"Vlan3010 - Status mismatch - Expected: up/up, Actual: down/lowerLayerDown"
142,campus-a-leaf2a,Interfaces,VerifyInterfacesStatus,Verifies the operational states of specified interfaces to ensure they match expected configurations.,Interface Vlan3011 - MLAG_L3_VRF_Green = 'up',FAIL,"Vlan3011 - Status mismatch - Expected: up/up, Actual: down/lowerLayerDown"
143,campus-a-leaf2a,Interfaces,VerifyInterfacesStatus,Verifies the operational states of specified interfaces to ensure they match expected configurations.,Interface Vlan4093 - MLAG_L3 = 'up',FAIL,"Vlan4093 - Status mismatch - Expected: up/up, Actual: down/lowerLayerDown"
144,campus-a-leaf2a,Interfaces,VerifyInterfacesStatus,Verifies the operational states of specified interfaces to ensure they match expected configurations.,Interface Vlan4094 - MLAG = 'up',PASS,
145,campus-a-leaf2a,Interfaces,VerifyInterfacesStatus,Verifies the operational states of specified interfaces to ensure they match expected configurations.,Interface Vxlan1 = 'up',PASS,
146,campus-a-leaf2a,MLAG,VerifyMlagStatus,Verifies the health status of the MLAG configuration.,,FAIL,MLAG negotiation status mismatch - Expected: connected Actual: connecting;Operational state of the MLAG peer link is not correct - Expected: up Actual: lowerLayerDown
147,campus-a-leaf2a,Routing,VerifyRoutingProtocolModel,Verifies the configured routing protocol model.,Routing protocol model: multi-agent,PASS,
148,campus-a-leaf2a,Routing,VerifyRoutingTableEntry,Verifies that the provided routes are present in the routing table of a specified VRF.,Route: 192.168.243.13 - Peer: campus-a-leaf1a,FAIL,The following route(s) are missing from the routing table of VRF default: 192.168.243.13
149,campus-a-leaf2a,Routing,VerifyRoutingTableEntry,Verifies that the provided routes are present in the routing table of a specified VRF.,Route: 192.168.243.15 - Peer: campus-a-leaf2a,PASS,
150,campus-a-leaf2a,Routing,VerifyRoutingTableEntry,Verifies that the provided routes are present in the routing table of a specified VRF.,Route: 192.168.244.11 - Peer: campus-a-spine1,FAIL,The following route(s) are missing from the routing table of VRF default: 192.168.244.11
151,campus-a-leaf2a,Routing,VerifyRoutingTableEntry,Verifies that the provided routes are present in the routing table of a specified VRF.,Route: 192.168.244.12 - Peer: campus-a-spine2,FAIL,The following route(s) are missing from the routing table of VRF default: 192.168.244.12
152,campus-a-leaf2a,Routing,VerifyRoutingTableEntry,Verifies that the provided routes are present in the routing table of a specified VRF.,Route: 192.168.244.13 - Peer: campus-a-leaf1a,FAIL,The following route(s) are missing from the routing table of VRF default: 192.168.244.13
153,campus-a-leaf2a,Routing,VerifyRoutingTableEntry,Verifies that the provided routes are present in the routing table of a specified VRF.,Route: 192.168.244.14 - Peer: campus-a-leaf1b,FAIL,The following route(s) are missing from the routing table of VRF default: 192.168.244.14
154,campus-a-leaf2a,Routing,VerifyRoutingTableEntry,Verifies that the provided routes are present in the routing table of a specified VRF.,Route: 192.168.244.15 - Peer: campus-a-leaf2a,PASS,
155,campus-a-leaf2a,Routing,VerifyRoutingTableEntry,Verifies that the provided routes are present in the routing table of a specified VRF.,Route: 192.168.244.16 - Peer: campus-a-leaf2b,FAIL,The following route(s) are missing from the routing table of VRF default: 192.168.244.16
156,campus-a-leaf2a,System,VerifyNTP,Verifies if NTP is synchronised.,,FAIL,NTP status mismatch - Expected: synchronised Actual: unsynchronised
157,campus-a-leaf2a,System,VerifyReloadCause,Verifies the last reload cause of the device.,,PASS,
158,campus-a-leaf2b,BGP,VerifyBGPSpecificPeers,Verifies the health of specific BGP peer(s) for given address families.,BGP IPv4 Unicast Peer: campus-a-leaf2a (IP: 10.255.254.28),FAIL,AFI: ipv4 SAFI: unicast VRF: default Peer: 10.255.254.28 - Incorrect session state - Expected: Established Actual: Active
159,campus-a-leaf2b,Connectivity,VerifyLLDPNeighbors,Verifies the connection status of the specified LLDP (Link Layer Discovery Protocol) neighbors.,Local: Ethernet3 - Remote: campus-a-leaf2a Ethernet3,FAIL,Port: Ethernet3 Neighbor: campus-a-leaf2a Neighbor Port: Ethernet3 - No LLDP neighbors
160,campus-a-leaf2b,Connectivity,VerifyLLDPNeighbors,Verifies the connection status of the specified LLDP (Link Layer Discovery Protocol) neighbors.,Local: Ethernet4 - Remote: campus-a-leaf2a Ethernet4,FAIL,Port: Ethernet4 Neighbor: campus-a-leaf2a Neighbor Port: Ethernet4 - No LLDP neighbors
161,campus-a-leaf2b,Connectivity,VerifyReachability,Test network reachability to one or many destination IP(s).,Source: Loopback0 (IP: 192.168.244.16) - Destination: campus-a-leaf1a Loopback0 (IP: 192.168.244.13),FAIL,Host: 192.168.244.13 Source: 192.168.244.16 VRF: default - Packet loss detected - Transmitted: 1 Received: 0
162,campus-a-leaf2b,Connectivity,VerifyReachability,Test network reachability to one or many destination IP(s).,Source: Loopback0 (IP: 192.168.244.16) - Destination: campus-a-leaf1b Loopback0 (IP: 192.168.244.14),FAIL,Host: 192.168.244.14 Source: 192.168.244.16 VRF: default - Packet loss detected - Transmitted: 1 Received: 0
163,campus-a-leaf2b,Connectivity,VerifyReachability,Test network reachability to one or many destination IP(s).,Source: Loopback0 (IP: 192.168.244.16) - Destination: campus-a-leaf2a Loopback0 (IP: 192.168.244.15),FAIL,Host: 192.168.244.15 Source: 192.168.244.16 VRF: default - Packet loss detected - Transmitted: 1 Received: 0
164,campus-a-leaf2b,Connectivity,VerifyReachability,Test network reachability to one or many destination IP(s).,Source: Loopback0 (IP: 192.168.244.16) - Destination: campus-a-leaf2b Loopback0 (IP: 192.168.244.16),PASS,
165,campus-a-leaf2b,Connectivity,VerifyReachability,Test network reachability to one or many destination IP(s).,Source: Loopback0 (IP: 192.168.244.16) - Destination: campus-a-spine1 Loopback0 (IP: 192.168.244.11),FAIL,Host: 192.168.244.11 Source: 192.168.244.16 VRF: default - Packet loss detected - Transmitted: 1 Received: 0
166,campus-a-leaf2b,Connectivity,VerifyReachability,Test network reachability to one or many destination IP(s).,Source: Loopback0 (IP: 192.168.244.16) - Destination: campus-a-spine2 Loopback0 (IP: 192.168.244.12),FAIL,Host: 192.168.244.12 Source: 192.168.244.16 VRF: default - Packet loss detected - Transmitted: 1 Received: 0
167,campus-a-leaf2b,Interfaces,VerifyInterfacesStatus,Verifies the operational states of specified interfaces to ensure they match expected configurations.,Interface Ethernet3 - MLAG_campus-a-leaf2a_Ethernet3 = 'up',PASS,
168,campus-a-leaf2b,Interfaces,VerifyInterfacesStatus,Verifies the operational states of specified interfaces to ensure they match expected configurations.,Interface Ethernet4 - MLAG_campus-a-leaf2a_Ethernet4 = 'up',PASS,
169,campus-a-leaf2b,Interfaces,VerifyInterfacesStatus,Verifies the operational states of specified interfaces to ensure they match expected configurations.,Interface Loopback0 - ROUTER_ID = 'up',PASS,
170,campus-a-leaf2b,Interfaces,VerifyInterfacesStatus,Verifies the operational states of specified interfaces to ensure they match expected configurations.,Interface Loopback1 - VXLAN_TUNNEL_SOURCE = 'up',PASS,
171,campus-a-leaf2b,Interfaces,VerifyInterfacesStatus,Verifies the operational states of specified interfaces to ensure they match expected configurations.,Interface Loopback100 - DIAG_VRF_Blue = 'up',PASS,
172,campus-a-leaf2b,Interfaces,VerifyInterfacesStatus,Verifies the operational states of specified interfaces to ensure they match expected configurations.,Interface Management1 = 'up',PASS,
173,campus-a-leaf2b,Interfaces,VerifyInterfacesStatus,Verifies the operational states of specified interfaces to ensure they match expected configurations.,Interface Port-Channel3 - MLAG_campus-a-leaf2a_Port-Channel3 = 'up',FAIL,"Port-Channel3 - Status mismatch - Expected: up/up, Actual: down/lowerLayerDown"
174,campus-a-leaf2b,Interfaces,VerifyInterfacesStatus,Verifies the operational states of specified interfaces to ensure they match expected configurations.,Interface Vlan110 - Blue_110 = 'up',PASS,
175,campus-a-leaf2b,Interfaces,VerifyInterfacesStatus,Verifies the operational states of specified interfaces to ensure they match expected configurations.,Interface Vlan111 - Blue_111 = 'up',PASS,
176,campus-a-leaf2b,Interfaces,VerifyInterfacesStatus,Verifies the operational states of specified interfaces to ensure they match expected configurations.,Interface Vlan112 - Blue_112 = 'up',PASS,
177,campus-a-leaf2b,Interfaces,VerifyInterfacesStatus,Verifies the operational states of specified interfaces to ensure they match expected configurations.,Interface Vlan113 - Blue_113 = 'up',PASS,
178,campus-a-leaf2b,Interfaces,VerifyInterfacesStatus,Verifies the operational states of specified interfaces to ensure they match expected configurations.,Interface Vlan120 - Red_120 = 'up',PASS,
179,campus-a-leaf2b,Interfaces,VerifyInterfacesStatus,Verifies the operational states of specified interfaces to ensure they match expected configurations.,Interface Vlan121 - WEBZone_121 = 'up',PASS,
180,campus-a-leaf2b,Interfaces,VerifyInterfacesStatus,Verifies the operational states of specified interfaces to ensure they match expected configurations.,Interface Vlan130 - Green_130 = 'up',PASS,
181,campus-a-leaf2b,Interfaces,VerifyInterfacesStatus,Verifies the operational states of specified interfaces to ensure they match expected configurations.,Interface Vlan131 - Green_131 = 'up',PASS,
182,campus-a-leaf2b,Interfaces,VerifyInterfacesStatus,Verifies the operational states of specified interfaces to ensure they match expected configurations.,Interface Vlan3009 - MLAG_L3_VRF_Blue = 'up',FAIL,"Vlan3009 - Status mismatch - Expected: up/up, Actual: down/lowerLayerDown"
183,campus-a-leaf2b,Interfaces,VerifyInterfacesStatus,Verifies the operational states of specified interfaces to ensure they match expected configurations.,Interface Vlan3010 - MLAG_L3_VRF_Red = 'up',FAIL,"Vlan3010 - Status mismatch - Expected: up/up, Actual: down/lowerLayerDown"
184,campus-a-leaf2b,Interfaces,VerifyInterfacesStatus,Verifies the operational states of specified interfaces to ensure they match expected configurations.,Interface Vlan3011 - MLAG_L3_VRF_Green = 'up',FAIL,"Vlan3011 - Status mismatch - Expected: up/up, Actual: down/lowerLayerDown"
185,campus-a-leaf2b,Interfaces,VerifyInterfacesStatus,Verifies the operational states of specified interfaces to ensure they match expected configurations.,Interface Vlan4093 - MLAG_L3 = 'up',FAIL,"Vlan4093 - Status mismatch - Expected: up/up, Actual: down/lowerLayerDown"
186,campus-a-leaf2b,Interfaces,VerifyInterfacesStatus,Verifies the operational states of specified interfaces to ensure they match expected configurations.,Interface Vlan4094 - MLAG = 'up',PASS,
187,campus-a-leaf2b,Interfaces,VerifyInterfacesStatus,Verifies the operational states of specified interfaces to ensure they match expected configurations.,Interface Vxlan1 = 'up',PASS,
188,campus-a-leaf2b,MLAG,VerifyMlagStatus,Verifies the health status of the MLAG configuration.,,FAIL,MLAG negotiation status mismatch - Expected: connected Actual: connecting;Operational state of the MLAG peer link is not correct - Expected: up Actual: lowerLayerDown
189,campus-a-leaf2b,Routing,VerifyRoutingProtocolModel,Verifies the configured routing protocol model.,Routing protocol model: multi-agent,PASS,
190,campus-a-leaf2b,Routing,VerifyRoutingTableEntry,Verifies that the provided routes are present in the routing table of a specified VRF.,Route: 192.168.243.13 - Peer: campus-a-leaf1a,FAIL,The following route(s) are missing from the routing table of VRF default: 192.168.243.13
191,campus-a-leaf2b,Routing,VerifyRoutingTableEntry,Verifies that the provided routes are present in the routing table of a specified VRF.,Route: 192.168.243.15 - Peer: campus-a-leaf2a,PASS,
192,campus-a-leaf2b,Routing,VerifyRoutingTableEntry,Verifies that the provided routes are present in the routing table of a specified VRF.,Route: 192.168.244.11 - Peer: campus-a-spine1,FAIL,The following route(s) are missing from the routing table of VRF default: 192.168.244.11
193,campus-a-leaf2b,Routing,VerifyRoutingTableEntry,Verifies that the provided routes are present in the routing table of a specified VRF.,Route: 192.168.244.12 - Peer: campus-a-spine2,FAIL,The following route(s) are missing from the routing table of VRF default: 192.168.244.12
194,campus-a-leaf2b,Routing,VerifyRoutingTableEntry,Verifies that the provided routes are present in the routing table of a specified VRF.,Route: 192.168.244.13 - Peer: campus-a-leaf1a,FAIL,The following route(s) are missing from the routing table of VRF default: 192.168.244.13
195,campus-a-leaf2b,Routing,VerifyRoutingTableEntry,Verifies that the provided routes are present in the routing table of a specified VRF.,Route: 192.168.244.14 - Peer: campus-a-leaf1b,FAIL,The following route(s) are missing from the routing table of VRF default: 192.168.244.14
196,campus-a-leaf2b,Routing,VerifyRoutingTableEntry,Verifies that the provided routes are present in the routing table of a specified VRF.,Route: 192.168.244.15 - Peer: campus-a-leaf2a,FAIL,The following route(s) are missing from the routing table of VRF default: 192.168.244.15
197,campus-a-leaf2b,Routing,VerifyRoutingTableEntry,Verifies that the provided routes are present in the routing table of a specified VRF.,Route: 192.168.244.16 - Peer: campus-a-leaf2b,PASS,
198,campus-a-leaf2b,System,VerifyNTP,Verifies if NTP is synchronised.,,FAIL,NTP status mismatch - Expected: synchronised Actual: unsynchronised
199,campus-a-leaf2b,System,VerifyReloadCause,Verifies the last reload cause of the device.,,PASS,
200,campus-a-leaf2c,Connectivity,VerifyLLDPNeighbors,Verifies the connection status of the specified LLDP (Link Layer Discovery Protocol) neighbors.,Local: Ethernet1 - Remote: campus-a-leaf1a Ethernet5,FAIL,Port: Ethernet1 Neighbor: campus-a-leaf1a Neighbor Port: Ethernet5 - No LLDP neighbors
201,campus-a-leaf2c,Connectivity,VerifyLLDPNeighbors,Verifies the connection status of the specified LLDP (Link Layer Discovery Protocol) neighbors.,Local: Ethernet2 - Remote: campus-a-leaf1b Ethernet5,FAIL,Port: Ethernet2 Neighbor: campus-a-leaf1b Neighbor Port: Ethernet5 - No LLDP neighbors
202,campus-a-leaf2c,Interfaces,VerifyInterfacesStatus,Verifies the operational states of specified interfaces to ensure they match expected configurations.,Interface Ethernet1 - L2_campus-a-leaf1a_Ethernet5 = 'up',FAIL,"Ethernet1 - Status mismatch - Expected: up/up, Actual: down/down"
203,campus-a-leaf2c,Interfaces,VerifyInterfacesStatus,Verifies the operational states of specified interfaces to ensure they match expected configurations.,Interface Ethernet2 - L2_campus-a-leaf1b_Ethernet5 = 'up',FAIL,"Ethernet2 - Status mismatch - Expected: up/up, Actual: down/down"
204,campus-a-leaf2c,Interfaces,VerifyInterfacesStatus,Verifies the operational states of specified interfaces to ensure they match expected configurations.,Interface Ethernet6 - SERVER_campus-a-leaf2-server1_Ethernet1 = 'up',FAIL,"Ethernet6 - Status mismatch - Expected: up/up, Actual: down/down"
205,campus-a-leaf2c,Interfaces,VerifyInterfacesStatus,Verifies the operational states of specified interfaces to ensure they match expected configurations.,Interface Management1 = 'up',PASS,
206,campus-a-leaf2c,Interfaces,VerifyInterfacesStatus,Verifies the operational states of specified interfaces to ensure they match expected configurations.,Interface Port-Channel1 - L2_campus-a-leaf1_Port-Channel5 = 'up',FAIL,"Port-Channel1 - Status mismatch - Expected: up/up, Actual: down/lowerLayerDown"
207,campus-a-leaf2c,Interfaces,VerifyInterfacesStatus,Verifies the operational states of specified interfaces to ensure they match expected configurations.,Interface Port-Channel6 - SERVER_campus-a-leaf2-server1 = 'up',FAIL,"Port-Channel6 - Status mismatch - Expected: up/up, Actual: down/lowerLayerDown"
208,campus-a-leaf2c,System,VerifyNTP,Verifies if NTP is synchronised.,,FAIL,NTP status mismatch - Expected: synchronised Actual: unsynchronised
209,campus-a-leaf2c,System,VerifyReloadCause,Verifies the last reload cause of the device.,,PASS,
210,campus-a-leaf2d,Connectivity,VerifyLLDPNeighbors,Verifies the connection status of the specified LLDP (Link Layer Discovery Protocol) neighbors.,Local: Ethernet1 - Remote: campus-a-leaf1a Ethernet6,FAIL,Port: Ethernet1 Neighbor: campus-a-leaf1a Neighbor Port: Ethernet6 - No LLDP neighbors
211,campus-a-leaf2d,Connectivity,VerifyLLDPNeighbors,Verifies the connection status of the specified LLDP (Link Layer Discovery Protocol) neighbors.,Local: Ethernet2 - Remote: campus-a-leaf1b Ethernet6,FAIL,Port: Ethernet2 Neighbor: campus-a-leaf1b Neighbor Port: Ethernet6 - No LLDP neighbors
212,campus-a-leaf2d,Interfaces,VerifyInterfacesStatus,Verifies the operational states of specified interfaces to ensure they match expected configurations.,Interface Ethernet1 - L2_campus-a-leaf1a_Ethernet6 = 'up',FAIL,"Ethernet1 - Status mismatch - Expected: up/up, Actual: down/down"
213,campus-a-leaf2d,Interfaces,VerifyInterfacesStatus,Verifies the operational states of specified interfaces to ensure they match expected configurations.,Interface Ethernet2 - L2_campus-a-leaf1b_Ethernet6 = 'up',FAIL,"Ethernet2 - Status mismatch - Expected: up/up, Actual: down/down"
214,campus-a-leaf2d,Interfaces,VerifyInterfacesStatus,Verifies the operational states of specified interfaces to ensure they match expected configurations.,Interface Management1 = 'up',PASS,
215,campus-a-leaf2d,Interfaces,VerifyInterfacesStatus,Verifies the operational states of specified interfaces to ensure they match expected configurations.,Interface Port-Channel1 - L2_campus-a-leaf1_Port-Channel6 = 'up',FAIL,"Port-Channel1 - Status mismatch - Expected: up/up, Actual: down/lowerLayerDown"
216,campus-a-leaf2d,System,VerifyNTP,Verifies if NTP is synchronised.,,FAIL,NTP status mismatch - Expected: synchronised Actual: unsynchronised
217,campus-a-leaf2d,System,VerifyReloadCause,Verifies the last reload cause of the device.,,PASS,
218,campus-a-spine1,BGP,VerifyBGPSpecificPeers,Verifies the health of specific BGP peer(s) for given address families.,BGP EVPN Peer: campus-a-leaf1a (IP: 192.168.244.13),PASS,
219,campus-a-spine1,BGP,VerifyBGPSpecificPeers,Verifies the health of specific BGP peer(s) for given address families.,BGP EVPN Peer: campus-a-leaf1b (IP: 192.168.244.14),PASS,
220,campus-a-spine1,BGP,VerifyBGPSpecificPeers,Verifies the health of specific BGP peer(s) for given address families.,BGP IPv4 Unicast Peer: campus-a-leaf1a (IP: 172.31.254.49),PASS,
221,campus-a-spine1,BGP,VerifyBGPSpecificPeers,Verifies the health of specific BGP peer(s) for given address families.,BGP IPv4 Unicast Peer: campus-a-leaf1b (IP: 172.31.254.53),PASS,
222,campus-a-spine1,Connectivity,VerifyLLDPNeighbors,Verifies the connection status of the specified LLDP (Link Layer Discovery Protocol) neighbors.,Local: Ethernet5 - Remote: campus-a-leaf1a Ethernet1,PASS,
223,campus-a-spine1,Connectivity,VerifyLLDPNeighbors,Verifies the connection status of the specified LLDP (Link Layer Discovery Protocol) neighbors.,Local: Ethernet6 - Remote: campus-a-leaf1b Ethernet1,PASS,
224,campus-a-spine1,Connectivity,VerifyReachability,Test network reachability to one or many destination IP(s).,Source: P2P Interface Ethernet5 (IP: 172.31.254.48) - Destination: campus-a-leaf1a Ethernet1 (IP: 172.31.254.49),PASS,
225,campus-a-spine1,Connectivity,VerifyReachability,Test network reachability to one or many destination IP(s).,Source: P2P Interface Ethernet6 (IP: 172.31.254.52) - Destination: campus-a-leaf1b Ethernet1 (IP: 172.31.254.53),PASS,
226,campus-a-spine1,Interfaces,VerifyInterfacesStatus,Verifies the operational states of specified interfaces to ensure they match expected configurations.,Interface Ethernet5 - P2P_campus-a-leaf1a_Ethernet1 = 'up',PASS,
227,campus-a-spine1,Interfaces,VerifyInterfacesStatus,Verifies the operational states of specified interfaces to ensure they match expected configurations.,Interface Ethernet6 - P2P_campus-a-leaf1b_Ethernet1 = 'up',PASS,
228,campus-a-spine1,Interfaces,VerifyInterfacesStatus,Verifies the operational states of specified interfaces to ensure they match expected configurations.,Interface Loopback0 - ROUTER_ID = 'up',PASS,
229,campus-a-spine1,Interfaces,VerifyInterfacesStatus,Verifies the operational states of specified interfaces to ensure they match expected configurations.,Interface Management1 = 'up',PASS,
230,campus-a-spine1,Routing,VerifyRoutingProtocolModel,Verifies the configured routing protocol model.,Routing protocol model: multi-agent,PASS,
231,campus-a-spine1,System,VerifyNTP,Verifies if NTP is synchronised.,,FAIL,NTP status mismatch - Expected: synchronised Actual: unsynchronised
232,campus-a-spine1,System,VerifyReloadCause,Verifies the last reload cause of the device.,,PASS,
233,campus-a-spine2,BGP,VerifyBGPSpecificPeers,Verifies the health of specific BGP peer(s) for given address families.,BGP EVPN Peer: campus-a-leaf1a (IP: 192.168.244.13),PASS,
234,campus-a-spine2,BGP,VerifyBGPSpecificPeers,Verifies the health of specific BGP peer(s) for given address families.,BGP EVPN Peer: campus-a-leaf1b (IP: 192.168.244.14),PASS,
235,campus-a-spine2,BGP,VerifyBGPSpecificPeers,Verifies the health of specific BGP peer(s) for given address families.,BGP IPv4 Unicast Peer: campus-a-leaf1a (IP: 172.31.254.51),PASS,
236,campus-a-spine2,BGP,VerifyBGPSpecificPeers,Verifies the health of specific BGP peer(s) for given address families.,BGP IPv4 Unicast Peer: campus-a-leaf1b (IP: 172.31.254.55),PASS,
237,campus-a-spine2,Connectivity,VerifyLLDPNeighbors,Verifies the connection status of the specified LLDP (Link Layer Discovery Protocol) neighbors.,Local: Ethernet5 - Remote: campus-a-leaf1a Ethernet2,PASS,
238,campus-a-spine2,Connectivity,VerifyLLDPNeighbors,Verifies the connection status of the specified LLDP (Link Layer Discovery Protocol) neighbors.,Local: Ethernet6 - Remote: campus-a-leaf1b Ethernet2,PASS,
239,campus-a-spine2,Connectivity,VerifyReachability,Test network reachability to one or many destination IP(s).,Source: P2P Interface Ethernet5 (IP: 172.31.254.50) - Destination: campus-a-leaf1a Ethernet2 (IP: 172.31.254.51),PASS,
240,campus-a-spine2,Connectivity,VerifyReachability,Test network reachability to one or many destination IP(s).,Source: P2P Interface Ethernet6 (IP: 172.31.254.54) - Destination: campus-a-leaf1b Ethernet2 (IP: 172.31.254.55),PASS,
241,campus-a-spine2,Interfaces,VerifyInterfacesStatus,Verifies the operational states of specified interfaces to ensure they match expected configurations.,Interface Ethernet5 - P2P_campus-a-leaf1a_Ethernet2 = 'up',PASS,
242,campus-a-spine2,Interfaces,VerifyInterfacesStatus,Verifies the operational states of specified interfaces to ensure they match expected configurations.,Interface Ethernet6 - P2P_campus-a-leaf1b_Ethernet2 = 'up',PASS,
243,campus-a-spine2,Interfaces,VerifyInterfacesStatus,Verifies the operational states of specified interfaces to ensure they match expected configurations.,Interface Loopback0 - ROUTER_ID = 'up',PASS,
244,campus-a-spine2,Interfaces,VerifyInterfacesStatus,Verifies the operational states of specified interfaces to ensure they match expected configurations.,Interface Management1 = 'up',PASS,
245,campus-a-spine2,Routing,VerifyRoutingProtocolModel,Verifies the configured routing protocol model.,Routing protocol model: multi-agent,PASS,
246,campus-a-spine2,System,VerifyNTP,Verifies if NTP is synchronised.,,FAIL,NTP status mismatch - Expected: synchronised Actual: unsynchronised
247,campus-a-spine2,System,VerifyReloadCause,Verifies the last reload cause of the device.,,PASS,
